{"cameraMode":{"drawMode":0,"name":"Shaded","section":"Shading Mode"},"sceneLighting":true,"audioPlay":false,"sceneViewState":{"m_AlwaysRefresh":false,"showFog":true,"showSkybox":true,"showFlares":true,"showImageEffects":true,"showParticleSystems":true,"showVisualEffectGraphs":true,"m_FxEnabled":true},"in2DMode":false,"pivot":{"x":11.037736892700196,"y":0.9904227256774902,"z":3.536895751953125},"rotation":{"x":0.24529580771923066,"y":0.5630865693092346,"z":-0.17975178360939027,"w":0.7684106826782227},"size":16.627151489257814,"orthographic":true}