{"cameraMode":{"drawMode":0,"name":"Shaded","section":"Shading Mode"},"sceneLighting":true,"audioPlay":false,"sceneViewState":{"m_AlwaysRefresh":false,"showFog":true,"showSkybox":true,"showFlares":true,"showImageEffects":true,"showParticleSystems":true,"showVisualEffectGraphs":true,"m_FxEnabled":true},"in2DMode":false,"pivot":{"x":5.521296977996826,"y":0.846904456615448,"z":5.512853622436523},"rotation":{"x":0.007499766070395708,"y":-0.005999795626848936,"z":0.000045135326217859983,"w":0.999955952167511},"size":0.5409643054008484,"orthographic":false}