{"cameraMode":{"drawMode":0,"name":"Shaded","section":"Shading Mode"},"sceneLighting":false,"audioPlay":false,"sceneViewState":{"m_AlwaysRefresh":false,"showFog":true,"showSkybox":false,"showFlares":true,"showImageEffects":true,"showParticleSystems":true,"showVisualEffectGraphs":true,"m_FxEnabled":true},"in2DMode":false,"pivot":{"x":-0.22037635743618012,"y":0.8014857769012451,"z":0.7744384407997131},"rotation":{"x":0.06147468835115433,"y":-0.5255840420722961,"z":0.03812612593173981,"w":0.8477087616920471},"size":0.0061129359528422359,"orthographic":false}