{"cameraMode":{"drawMode":0,"name":"Shaded","section":"Shading Mode"},"sceneLighting":false,"audioPlay":false,"sceneViewState":{"m_AlwaysRefresh":false,"showFog":true,"showSkybox":false,"showFlares":true,"showImageEffects":true,"showParticleSystems":true,"showVisualEffectGraphs":true,"m_FxEnabled":true},"in2DMode":false,"pivot":{"x":-0.09399999678134918,"y":0.9089999794960022,"z":0.8799999952316284},"rotation":{"x":0.06147468835115433,"y":-0.5255840420722961,"z":0.03812612593173981,"w":0.8477087616920471},"size":0.008660250343382359,"orthographic":false}