{"cameraMode":{"drawMode":0,"name":"Shaded","section":"Shading Mode"},"sceneLighting":false,"audioPlay":false,"sceneViewState":{"m_AlwaysRefresh":false,"showFog":true,"showSkybox":false,"showFlares":true,"showImageEffects":true,"showParticleSystems":true,"showVisualEffectGraphs":true,"m_FxEnabled":true},"in2DMode":false,"pivot":{"x":5.529999732971191,"y":1.04050612449646,"z":6.060000419616699},"rotation":{"x":0.06145844608545303,"y":-0.009583545848727227,"z":0.0005901347030885518,"w":0.9980640411376953},"size":0.4731826186180115,"orthographic":true}